{"kimchi": 354.32294994206416, "rice": 1867.2133793603668, "seaweed": 348.57181041799}