{"rice": 876.7518183528069, "seaweed": 166.9559214289455, "kimchi": 209.93910163746224}